Workers Comp Court of Appeals (WCCA),B41
Amateur Sports Commission,B9D
Prof. Educ. Lic. & Stand. Bd.,E39
Arts Board,E50
Racing Commission (MRC),G05
Human Rights (MDHR),G17
Indian Affairs Council,G19
Mediation Services (SEMA4 only),G45
Ombudsperson for Families,G92
Ombudsperson For Am Ind Fams,G93
Campaign Finance,G9J
Council for MNs of African Heritage,G9L
MN Council for Latino Affairs,G9M
Council on Asian-Pacific MNs,G9N
Capitol Area Architect (CAAPB),G9X
MN Council on Disability,G9Y
Tax Court,J68
Ombuds for Corrections,P08
POST Board,P7T
Clemency Review Board,P82
Sentencing Guidelines ,P9E
Foster Youth Ombudsperson,H8A
Ombud Mental Hlth & Dev Dis,H9G
Secure Choice Retirement,G70
LGBTQIA2S+ Minnesotans Council,G9P
Rare Disease Advisory Council,G9V
